{
  "family": "statement-analyzer",
  "networkMode": "awsvpc",
  "requiresCompatibilities": ["FARGATE"],
  "cpu": "256",
  "memory": "512",
  "containerDefinitions": [
    {
      "name": "statement-analyzer",
      "image": "your-account-id.dkr.ecr.your-region.amazonaws.com/statement-analyzer:latest",
      "portMappings": [
        {
          "containerPort": 8501,
          "protocol": "tcp"
        }
      ],
      "environment": [
        {
          "name": "STREAMLIT_SERVER_PORT",
          "value": "8501"
        }
      ],
      "logConfiguration": {
        "logDriver": "awslogs",
        "options": {
          "awslogs-group": "/ecs/statement-analyzer",
          "awslogs-region": "your-region",
          "awslogs-stream-prefix": "ecs"
        }
      }
    }
  ]
} 